M	.github/workflows/ci.yml
A	.github/workflows/native.yml
A	.github/workflows/oracles.yml
M	.github/workflows/pages.yml
A	.github/workflows/preview.yml
M	.github/workflows/release.yml
A	.github/workflows/repro.yml
A	.github/workflows/security.yml
A	.github/workflows/spec-watch.yml
A	apps/studio/automation-api.js
A	apps/studio/build.contrib.json
A	apps/studio/commands/core.js
A	apps/studio/commands/registry.js
M	apps/studio/compiler.worker.js
M	apps/studio/debugger-tools.js
A	apps/studio/dialogs/about.js
M	apps/studio/docking-workspace.js
A	apps/studio/icons.js
A	apps/studio/menus/context.js
A	apps/studio/menus/core.js
A	apps/studio/menus/registry.js
M	apps/studio/project-wizard.js
D	apps/studio/release08.css
D	apps/studio/release10.css
M	apps/studio/runtime.worker.js
M	apps/studio/samples-designer.js
A	apps/studio/services/registry.js
A	apps/studio/settings/storage.js
M	apps/studio/solution-explorer.js
M	apps/studio/studio.js
A	apps/studio/styles/README.md
A	apps/studio/styles/context-menus.css
A	apps/studio/styles/debugger-advanced.css
A	apps/studio/styles/debugger-effects.css
A	apps/studio/styles/debugger-parallel.css
A	apps/studio/styles/debugger-responsive.css
R100	apps/studio/release09.css	apps/studio/styles/debugger.css
A	apps/studio/styles/designer-light.css
R073	apps/studio/release13.css	apps/studio/styles/designer-sync.css
R100	apps/studio/release12.css	apps/studio/styles/designer.css
A	apps/studio/styles/docking.css
A	apps/studio/styles/editor-overlays.css
A	apps/studio/styles/editor-theme.css
A	apps/studio/styles/explorer-dialogs.css
R100	apps/studio/release11.css	apps/studio/styles/project-wizard.css
A	apps/studio/styles/property-grid.css
R100	apps/studio/release14.css	apps/studio/styles/runtime-settings.css
A	apps/studio/styles/settings.css
A	apps/studio/styles/solution-explorer.css
A	apps/studio/styles/status-bar.css
A	apps/studio/styles/symbols.css
A	apps/studio/styles/winui-app.css
A	apps/studio/styles/workbench-density.css
A	apps/studio/styles/workbench-light.css
A	apps/studio/styles/workbench-responsive.css
A	apps/studio/styles/workbench-theme.css
A	apps/studio/tools/core.js
A	apps/studio/tools/debugger-automation.js
A	apps/studio/tools/definitions.js
A	apps/studio/tools/designer-automation.js
A	apps/studio/tools/docking-automation.js
A	apps/studio/tools/msbuild-automation.js
A	apps/studio/tools/registry.js
A	apps/studio/tools/runtime-automation.js
A	apps/studio/tools/workspace-automation.js
A	apps/studio/workers/protocol.js
A	packages/compute/build.contrib.json
A	packages/compute/smoke.mjs
A	packages/designer/build.contrib.json
A	packages/designer/smoke.mjs
A	packages/network/build.contrib.json
A	packages/network/smoke.mjs
A	packages/winui/build.contrib.json
A	packages/winui/smoke.mjs
M	scripts/standalone.js
M	tests/standalone_test.py
